{
  "experiment": "EXP-15",
  "feature": "F-15",
  "prediction": 2.6754140853881836,
  "benchmark": 2.7,
  "ci_lower": 2.4,
  "ci_upper": 3.0,
  "sigma_combined": 0.18949670181826386,
  "classification": "PASS",
  "distances": {
    "Ser-OG \u2192 P1-C": 2.6754140853881836,
    "His-NE2 \u2192 Ser-OG": 2.6160284876823425,
    "Asp-OD \u2192 His-ND1": 2.62457937002182
  },
  "triad_resseqs": {
    "ser": 177,
    "his": 40,
    "asp": 84
  }
}